

{"timestamp": 1719843884.4359639, "realized": 0, "commission": 0, "unreal": 0.0}
{"timestamp": 1719843894.4359465, "realized": 0, "commission": 0, "unreal": 0.0}
{"timestamp": 1719843904.4362726, "realized": 0, "commission": 0, "unreal": 0.0}
