{"timestamp": 1718531521.218161, "realized": 0, "commission": 0, "unreal": 0.0}
{"timestamp": 1718531531.218122, "realized": 0, "commission": 0, "unreal": 0.0}
{"timestamp": 1718531541.2176218, "realized": 0, "commission": 0, "unreal": 0.0}
{"timestamp": 1718531551.218084, "realized": 0, "commission": 0, "unreal": 0.0}
{"timestamp": 1718531561.2177324, "realized": 0, "commission": 0, "unreal": 0.0}
{"timestamp": 1718531571.2183237, "realized": 0, "commission": 0, "unreal": 0.0}
{"timestamp": 1718531581.218532, "realized": 0, "commission": 0, "unreal": 0.0}
{"timestamp": 1718531591.2183242, "realized": 0, "commission": 0, "unreal": 0.0}
{"timestamp": 1718531601.2174327, "realized": 0, "commission": 0, "unreal": 0.0}
{"timestamp": 1718531611.2174823, "realized": 0, "commission": 0, "unreal": 0.0}
{"timestamp": 1718531621.2181962, "realized": 0, "commission": 0, "unreal": 0.0}
{"timestamp": 1718531646.8825977, "realized": 0, "commission": 0, "unreal": 0.0}
{"timestamp": 1718531656.8824346, "realized": 0, "commission": 0, "unreal": 0.0}
{"timestamp": 1718531666.8835838, "realized": 0, "commission": 0, "unreal": 0.0}
{"timestamp": 1718531692.3689148, "realized": 0, "commission": 0, "unreal": 0.0}
{"timestamp": 1718531702.369517, "realized": 0, "commission": 0, "unreal": 0.0}
{"timestamp": 1718531712.3694634, "realized": 0, "commission": 0, "unreal": 0.0}

{"timestamp": 1718532312.0300016, "realized": 0, "commission": 0, "unreal": 0.0}
{"timestamp": 1718532322.0305595, "realized": 0, "commission": 0, "unreal": 0.0}
{"timestamp": 1718532332.0300765, "realized": 0, "commission": 0, "unreal": 0.0}
{"timestamp": 1718532342.0309176, "realized": 0, "commission": 0, "unreal": 0.0}
{"timestamp": 1718532352.0303257, "realized": 0, "commission": 0, "unreal": 0.0}
{"timestamp": 1718532362.0302162, "realized": 0, "commission": 0, "unreal": 0.0}
{"timestamp": 1718532372.0303414, "realized": 0, "commission": 0, "unreal": 0.0}
